head,layer,pair_id,side,target_to_context_mass
7,3,bank-lex-0,a,0.8400049805641174
3,2,bank-lex-0,a,0.17041492462158203
5,3,bank-lex-0,a,0.8872175812721252
2,3,bank-lex-0,a,0.06412926316261292
0,3,bank-lex-0,a,0.9922084808349609
7,3,bank-lex-0,b,0.9098529815673828
3,2,bank-lex-0,b,0.2857016921043396
5,3,bank-lex-0,b,0.8946887850761414
2,3,bank-lex-0,b,0.02651400864124298
0,3,bank-lex-0,b,0.9815090298652649
7,3,bank-lex-3,a,0.9260290861129761
3,2,bank-lex-3,a,0.45935285091400146
5,3,bank-lex-3,a,0.8453818559646606
2,3,bank-lex-3,a,0.02029852196574211
0,3,bank-lex-3,a,0.9884800314903259
7,3,bank-lex-3,b,0.9540372490882874
3,2,bank-lex-3,b,0.4136497676372528
5,3,bank-lex-3,b,0.9316838979721069
2,3,bank-lex-3,b,0.15729615092277527
0,3,bank-lex-3,b,0.9851771593093872
7,3,bat-lex-1,a,0.9550756216049194
3,2,bat-lex-1,a,0.21816326677799225
5,3,bat-lex-1,a,0.9018298983573914
2,3,bat-lex-1,a,0.015906227752566338
0,3,bat-lex-1,a,0.9693942070007324
7,3,bat-lex-1,b,0.9305570125579834
3,2,bat-lex-1,b,0.16501784324645996
5,3,bat-lex-1,b,0.9588274955749512
2,3,bat-lex-1,b,0.24026362597942352
0,3,bat-lex-1,b,0.9837560653686523
7,3,bat-lex-2,a,0.94407057762146
3,2,bat-lex-2,a,0.1963268220424652
5,3,bat-lex-2,a,0.9704763293266296
2,3,bat-lex-2,a,0.025003502145409584
0,3,bat-lex-2,a,0.9820953011512756
7,3,bat-lex-2,b,0.8708773851394653
3,2,bat-lex-2,b,0.1416841298341751
5,3,bat-lex-2,b,0.9482582807540894
2,3,bat-lex-2,b,0.09024938941001892
0,3,bat-lex-2,b,0.9585484266281128
7,3,spring-lex-0,a,0.8927320837974548
3,2,spring-lex-0,a,0.1669323593378067
5,3,spring-lex-0,a,0.9627509117126465
2,3,spring-lex-0,a,0.03323330730199814
0,3,spring-lex-0,a,0.9510813355445862
7,3,spring-lex-0,b,0.9625406265258789
3,2,spring-lex-0,b,0.15626314282417297
5,3,spring-lex-0,b,0.9375113844871521
2,3,spring-lex-0,b,0.1839008629322052
0,3,spring-lex-0,b,0.9444253444671631
7,3,spring-lex-1,a,0.9574841260910034
3,2,spring-lex-1,a,0.06838605552911758
5,3,spring-lex-1,a,0.9210601449012756
2,3,spring-lex-1,a,0.003179928520694375
0,3,spring-lex-1,a,0.9066733121871948
7,3,spring-lex-1,b,0.948312520980835
3,2,spring-lex-1,b,0.2435382604598999
5,3,spring-lex-1,b,0.8844736814498901
2,3,spring-lex-1,b,0.14110469818115234
0,3,spring-lex-1,b,0.94548100233078
7,3,spring-lex-3,a,0.9530794620513916
3,2,spring-lex-3,a,0.07352519035339355
5,3,spring-lex-3,a,0.9313814043998718
2,3,spring-lex-3,a,0.016590941697359085
0,3,spring-lex-3,a,0.8937016129493713
7,3,spring-lex-3,b,0.9748184680938721
3,2,spring-lex-3,b,0.13062924146652222
5,3,spring-lex-3,b,0.8156000375747681
2,3,spring-lex-3,b,0.14742788672447205
0,3,spring-lex-3,b,0.9444601535797119
7,3,match-lex-2,a,0.957926869392395
3,2,match-lex-2,a,0.21333464980125427
5,3,match-lex-2,a,0.9096729755401611
2,3,match-lex-2,a,0.014040986075997353
0,3,match-lex-2,a,0.9879720211029053
7,3,match-lex-2,b,0.9480403661727905
3,2,match-lex-2,b,0.1529039889574051
5,3,match-lex-2,b,0.9302156567573547
2,3,match-lex-2,b,0.0800938755273819
0,3,match-lex-2,b,0.9750720858573914
7,3,pitcher-lex-1,a,0.9620451927185059
3,2,pitcher-lex-1,a,0.2923758625984192
5,3,pitcher-lex-1,a,0.8732008934020996
2,3,pitcher-lex-1,a,0.011930707842111588
0,3,pitcher-lex-1,a,0.9851974248886108
7,3,pitcher-lex-1,b,0.9131752252578735
3,2,pitcher-lex-1,b,0.4043642282485962
5,3,pitcher-lex-1,b,0.9376622438430786
2,3,pitcher-lex-1,b,0.07749433815479279
0,3,pitcher-lex-1,b,0.9818319082260132
7,3,pitcher-lex-2,a,0.8563897609710693
3,2,pitcher-lex-2,a,0.13898441195487976
5,3,pitcher-lex-2,a,0.9121047258377075
2,3,pitcher-lex-2,a,0.013696059584617615
0,3,pitcher-lex-2,a,0.9691520929336548
7,3,pitcher-lex-2,b,0.9101934432983398
3,2,pitcher-lex-2,b,0.2294682413339615
5,3,pitcher-lex-2,b,0.9147711992263794
2,3,pitcher-lex-2,b,0.08403290808200836
0,3,pitcher-lex-2,b,0.9852197170257568
7,3,mole-lex-0,a,0.9565274119377136
3,2,mole-lex-0,a,0.3478996455669403
5,3,mole-lex-0,a,0.9192048907279968
2,3,mole-lex-0,a,0.003158650826662779
0,3,mole-lex-0,a,0.9723688364028931
7,3,mole-lex-0,b,0.9163639545440674
3,2,mole-lex-0,b,0.2905673682689667
5,3,mole-lex-0,b,0.9017168283462524
2,3,mole-lex-0,b,0.008444343693554401
0,3,mole-lex-0,b,0.9788733124732971
7,3,mole-lex-3,a,0.9460535645484924
3,2,mole-lex-3,a,0.3697488307952881
5,3,mole-lex-3,a,0.9260393381118774
2,3,mole-lex-3,a,0.002704768441617489
0,3,mole-lex-3,a,0.979422926902771
7,3,mole-lex-3,b,0.9856277704238892
3,2,mole-lex-3,b,0.40055733919143677
5,3,mole-lex-3,b,0.8982771635055542
2,3,mole-lex-3,b,0.001304073492065072
0,3,mole-lex-3,b,0.9874732494354248
7,3,jam-lex-1,a,0.9630793333053589
3,2,jam-lex-1,a,0.05405829846858978
5,3,jam-lex-1,a,0.9480859041213989
2,3,jam-lex-1,a,0.011044868268072605
0,3,jam-lex-1,a,0.9867596626281738
7,3,jam-lex-1,b,0.9801640510559082
3,2,jam-lex-1,b,0.05986638367176056
5,3,jam-lex-1,b,0.9649513959884644
2,3,jam-lex-1,b,0.018903259187936783
0,3,jam-lex-1,b,0.9867508411407471
7,3,jam-lex-2,a,0.9760282635688782
3,2,jam-lex-2,a,0.019953355193138123
5,3,jam-lex-2,a,0.9368398189544678
2,3,jam-lex-2,a,0.04230429232120514
0,3,jam-lex-2,a,0.988465428352356
7,3,jam-lex-2,b,0.9639220833778381
3,2,jam-lex-2,b,0.013124076649546623
5,3,jam-lex-2,b,0.9251987934112549
2,3,jam-lex-2,b,0.023225290700793266
0,3,jam-lex-2,b,0.9899030327796936
7,3,jam-lex-3,a,0.9756356477737427
3,2,jam-lex-3,a,0.026499507948756218
5,3,jam-lex-3,a,0.9116839170455933
2,3,jam-lex-3,a,0.017433537170290947
0,3,jam-lex-3,a,0.991653323173523
7,3,jam-lex-3,b,0.9612181186676025
3,2,jam-lex-3,b,0.01643439568579197
5,3,jam-lex-3,b,0.9210186004638672
2,3,jam-lex-3,b,0.020887743681669235
0,3,jam-lex-3,b,0.9906376600265503
7,3,seal-lex-0,a,0.9626824259757996
3,2,seal-lex-0,a,0.28138816356658936
5,3,seal-lex-0,a,0.9760576486587524
2,3,seal-lex-0,a,0.021751370280981064
0,3,seal-lex-0,a,0.9820569753646851
7,3,seal-lex-0,b,0.9507712125778198
3,2,seal-lex-0,b,0.3560996651649475
5,3,seal-lex-0,b,0.931512713432312
2,3,seal-lex-0,b,0.009420194663107395
0,3,seal-lex-0,b,0.9790884256362915
7,3,seal-lex-2,a,0.9778369069099426
3,2,seal-lex-2,a,0.26020973920822144
5,3,seal-lex-2,a,0.9783586263656616
2,3,seal-lex-2,a,0.03399473428726196
0,3,seal-lex-2,a,0.9828178286552429
7,3,seal-lex-2,b,0.9605133533477783
3,2,seal-lex-2,b,0.3186244070529938
5,3,seal-lex-2,b,0.9709473252296448
2,3,seal-lex-2,b,0.08280448615550995
0,3,seal-lex-2,b,0.9862775802612305
7,3,seal-lex-3,a,0.970482587814331
3,2,seal-lex-3,a,0.19819007813930511
5,3,seal-lex-3,a,0.9782233238220215
2,3,seal-lex-3,a,0.03313702344894409
0,3,seal-lex-3,a,0.9771139621734619
7,3,seal-lex-3,b,0.9753031134605408
3,2,seal-lex-3,b,0.34931594133377075
5,3,seal-lex-3,b,0.959243893623352
2,3,seal-lex-3,b,0.024584807455539703
0,3,seal-lex-3,b,0.9810267090797424
7,3,bark-lex-2,a,0.9364281296730042
3,2,bark-lex-2,a,0.3705962300300598
5,3,bark-lex-2,a,0.9230494499206543
2,3,bark-lex-2,a,0.041029609739780426
0,3,bark-lex-2,a,0.9730911254882812
7,3,bark-lex-2,b,0.9678114652633667
3,2,bark-lex-2,b,0.1499686986207962
5,3,bark-lex-2,b,0.9195219874382019
2,3,bark-lex-2,b,0.014633244834840298
0,3,bark-lex-2,b,0.9267498254776001
7,3,crane-lex-0,a,0.9317958950996399
3,2,crane-lex-0,a,0.33907192945480347
5,3,crane-lex-0,a,0.9030660390853882
2,3,crane-lex-0,a,0.010314412415027618
0,3,crane-lex-0,a,0.9741188287734985
7,3,crane-lex-0,b,0.9633570313453674
3,2,crane-lex-0,b,0.3299850523471832
5,3,crane-lex-0,b,0.8424955606460571
2,3,crane-lex-0,b,0.016791118308901787
0,3,crane-lex-0,b,0.9839791059494019
7,3,crane-lex-1,a,0.9120033979415894
3,2,crane-lex-1,a,0.19885990023612976
5,3,crane-lex-1,a,0.8511993885040283
2,3,crane-lex-1,a,0.0106721892952919
0,3,crane-lex-1,a,0.9763727784156799
7,3,crane-lex-1,b,0.9667270183563232
3,2,crane-lex-1,b,0.1881769597530365
5,3,crane-lex-1,b,0.8359742760658264
2,3,crane-lex-1,b,0.019746994599699974
0,3,crane-lex-1,b,0.982248067855835
7,3,crane-lex-2,a,0.9800712466239929
3,2,crane-lex-2,a,0.46342864632606506
5,3,crane-lex-2,a,0.8572390079498291
2,3,crane-lex-2,a,0.01700008101761341
0,3,crane-lex-2,a,0.9919565916061401
7,3,crane-lex-2,b,0.9592397809028625
3,2,crane-lex-2,b,0.39618346095085144
5,3,crane-lex-2,b,0.8614756464958191
2,3,crane-lex-2,b,0.004761303775012493
0,3,crane-lex-2,b,0.9781936407089233
7,3,club-lex-0,a,0.9222099184989929
3,2,club-lex-0,a,0.08389897644519806
5,3,club-lex-0,a,0.9562265872955322
2,3,club-lex-0,a,0.01993953064084053
0,3,club-lex-0,a,0.9551342725753784
7,3,club-lex-0,b,0.9412739276885986
3,2,club-lex-0,b,0.0671103447675705
5,3,club-lex-0,b,0.973893940448761
2,3,club-lex-0,b,0.05276837944984436
0,3,club-lex-0,b,0.9484237432479858
7,3,watch-lex-2,a,0.825498104095459
3,2,watch-lex-2,a,0.20795884728431702
5,3,watch-lex-2,a,0.9700583815574646
2,3,watch-lex-2,a,0.006063047330826521
0,3,watch-lex-2,a,0.9803584218025208
7,3,watch-lex-2,b,0.6886790990829468
3,2,watch-lex-2,b,0.12514403462409973
5,3,watch-lex-2,b,0.9646515250205994
2,3,watch-lex-2,b,0.011764515191316605
0,3,watch-lex-2,b,0.9189038276672363
7,3,watch-lex-3,a,0.8293107151985168
3,2,watch-lex-3,a,0.20561900734901428
5,3,watch-lex-3,a,0.9754365086555481
2,3,watch-lex-3,a,0.018055317923426628
0,3,watch-lex-3,a,0.9880045652389526
7,3,watch-lex-3,b,0.7027071714401245
3,2,watch-lex-3,b,0.09413017332553864
5,3,watch-lex-3,b,0.9529894590377808
2,3,watch-lex-3,b,0.030863702297210693
0,3,watch-lex-3,b,0.9420078992843628
7,3,date-lex-2,a,0.9647673964500427
3,2,date-lex-2,a,0.1490294337272644
5,3,date-lex-2,a,0.9675890207290649
2,3,date-lex-2,a,0.01568165421485901
0,3,date-lex-2,a,0.9802436828613281
7,3,date-lex-2,b,0.9868475198745728
3,2,date-lex-2,b,0.16096746921539307
5,3,date-lex-2,b,0.9922575950622559
2,3,date-lex-2,b,0.08516959846019745
0,3,date-lex-2,b,0.9930031299591064
